Stock Code,Name of Securities
00001,CKH HOLDINGS
00002,CLP HOLDINGS
00003,HK & CHINA GAS
00004,WHARF HOLDINGS
00005,HSBC HOLDINGS
00006,POWER ASSETS
00007,HOIFU ENERGY
00008,PCCW
00009,NINE EXPRESS
00010,HANG LUNG GROUP
00011,HANG SENG BANK
00012,HENDERSON LAND
00014,HYSAN DEV
00015,VANTAGE INT'L
00016,SHK PPT
00017,NEW WORLD DEV
00018,ORIENTAL PRESS
00019,SWIRE PACIFIC A
00020,WHEELOCK
00021,GREAT CHI PPT
00022,MEXAN
00023,BANK OF E ASIA
00024,BURWILL
00025,CHEVALIER INT'L
00026,CHINA MOTOR BUS
00027,GALAXY ENT
00028,TIAN AN
00029,DYNAMIC HOLD
00030,BAN LOONG HOLD
00031,CHINA AEROSPACE
00032,CROSS-HAR(HOLD)
00033,ASIA INV FIN
00034,KOWLOON DEV
00035,FE CONSORT INTL
00036,FE HLDGS INTL
00037,FE HOTELS
00038,FIRST TRACTOR
00039,CH BEIDAHUANG
00040,GOLD PEAK
00041,GREAT EAGLE H
00042,NE ELECTRIC
00043,C.P. POKPHAND
00044,HAECO
00045,HK&S HOTELS
00046,COMPUTER & TECH
00047,HOP HING GROUP
00048,C AUTO INT DECO
00050,HK FERRY (HOLD)
00051,HARBOUR CENTRE
00052,FAIRWOOD HOLD
00053,GUOCO GROUP
00054,HOPEWELL HOLD
00055,NEWAY GROUP
00056,ALLIED PPT (HK)
00057,CHEN HSONG HOLD
00058,SUNWAY INT'L
00059,SKYFAME REALTY
00060,HK FOOD INV
00061,GREEN LEADER
00062,TRANSPORT INT'L
00063,CHINA GRAPHENE
00064,GET NICE
00065,GRAND OCEAN AR
00066,MTR CORPORATION
00067,LUMENA NEWMAT
00068,LEE HING
00069,SHANGRI-LA ASIA
00070,RICH GOLDMAN
00071,MIRAMAR HOTEL
00072,MODERN MEDIA
00073,ASIAN CITRUS
00075,Y.T. REALTY
00076,SOUTH SEA PETRO
00077,AMS TRANSPORT
00078,REGAL INT'L
00079,CENTURY LEGEND
00080,CNEWECON FUND
00081,CH OVS G OCEANS
00082,V1 GROUP
00083,SINO LAND
00084,STELUX HOLDINGS
00085,CE HUADA TECH
00086,SUN HUNG KAI CO
00087,SWIRE PACIFIC B
00088,TAI CHEUNG HOLD
00089,TAI SANG LAND
00090,AMBER ENERGY
00091,INT'L STD RES
00092,CHAMPION TECH
00093,TERMBRAY IND
00094,GREENHEART GP
00095,LVGEM CHINA
00096,YUSEI
00097,HENDERSON INV
00098,XINGFA ALUM
00099,WONG'S INT'L
00100,CLEAR MEDIA
00101,HANG LUNG PPT
00102,SUMMIT ASCENT
00103,SHOUGANG CENT
00104,ASIA COMM HOLD
00105,ASSO INT HOTELS
00106,LANDSEA PPT
00107,SICHUAN EXPRESS
00108,GR PROPERTIES
00109,GOODRESOURCES
00110,CHINA FORTUNE
00111,CINDA INTL HLDG
00112,LT COMM REALEST
00113,DICKSON CONCEPT
00114,HERALD HOLD
00115,GRAND FIELD GP
00116,CHOW SANG SANG
00117,TIANLI HOLDINGS
00118,COSMOS MACH
00119,POLY PROPERTY
00120,COSMOPOL INT'L
00121,C.P. LOTUS
00122,CROCODILE
00123,YUEXIU PROPERTY
00124,GD LAND
00125,SUN HING VISION
00126,CARRIANNA
00127,CHINESE EST H
00128,ENM HOLDINGS
00129,ASIA STANDARD
00130,MOISELLE INT'L
00131,CHEUK NANG HOLD
00132,CHINA INV HOLD
00133,CHINA MERCHANTS
00135,KUNLUN ENERGY
00136,HENGTEN NET
00137,JINHUI HOLDINGS
00138,CCT FORTIS
00139,CH SOFT POWER
00141,GREAT CHINA
00142,FIRST PACIFIC
00143,GUOAN INTL
00144,CHINA MER PORT
00145,HK BLDG & LOAN
00146,TAI PING CARPET
00147,IB SETTLEMENT
00148,KINGBOARD CHEM
00149,CH AGRI-PROD EX
00151,WANT WANT CHINA
00152,SHENZHEN INT'L
00153,CHINA SAITE
00154,BE ENVIRONMENT
00155,CHINA SOLAR
00156,LIPPO CHINA RES
00157,NATURAL BEAUTY
00158,MELBOURNE ENT
00159,BROCKMAN MINING
00160,HON KWOK LAND
00161,AVIC IHL
00162,CENTURY GINWA
00163,EMPEROR INT'L
00164,CHINA BAOLI TEC
00165,CHINA EB LTD
00166,NEWTIMES ENERGY
00167,IDT INT'L
00168,TSINGTAO BREW
00169,WANDA HOTEL DEV
00171,SILVER GRANT
00172,GOLDBOND GROUP
00173,K. WAH INT'L
00174,GEMINI INV
00175,GEELY AUTO
00176,SUPERACTIVE GP
00177,JIANGSU EXPRESS
00178,SA SA INT'L
00179,JOHNSON ELEC H
00180,KADER HOLDINGS
00181,FUJIAN HOLDINGS
00182,CONCORD NE
00183,WINFULL GP
00184,KECK SENG INV
00185,ZH INT'L HOLD
00186,GRANDE HOLDINGS
00187,JINGCHENG MAC
00188,SUNWAH KINGSWAY
00189,DONGYUE GROUP
00190,HKC (HOLDINGS)
00191,LAI SUN INT'L
00193,CAPITAL ESTATE
00194,LIU CHONG HING
00195,GREENTECH INTL
00196,HONGHUA GROUP
00197,HENG TAI
00198,SMI HOLDINGS
00199,ITC PROPERTIES
00200,MELCO INT'L DEV
00201,MAGNIFICENT
00202,EVERCHINA INT'L
00204,CHINA INV DEV
00205,SEEC MEDIA
00206,TSC GROUP
00207,JOY CITY PPT
00208,POLYTEC ASSET
00209,WINSHINE SCI
00210,DAPHNE INT'L
00211,STYLAND HOLD
00212,NANYANG HOLD
00213,NATIONAL ELEC H
00214,ASIA ORIENT
00215,HUTCHTEL HK
00216,CHINNEY INV
00217,CHINA CHENGTONG
00218,SHENWANHONGYUAN
00219,SHUNHO PROPERTY
00220,U-PRESID CHINA
00221,EASY ONE FIN
00222,MIN XIN HOLD
00223,ELIFE HLDGS
00224,PIONEER GLOBAL
00225,POKFULAM
00226,LIPPO
00227,FIRST SHANGHAI
00228,CHINA ENERGY
00229,RAYMOND IND
00230,MINMETALS LAND
00231,PING AN SEC GP
00232,AVIC INT'L
00233,MY MEDICARE
00234,NEW CENTURY GP
00235,CHINA STRATEGIC
00236,SAN MIGUEL HK
00237,SAFETY GODOWN
00238,EVERGREEN INT
00239,PAK FAH YEOW
00240,BUILD KING HOLD
00241,ALI HEALTH
00242,SHUN TAK HOLD
00243,QPL INT'L
00244,SINCERE
00245,CN MINSHENG FIN
00246,REALGOLD MINING
00247,TST PROPERTIES
00248,HKC INT'L HOLD
00250,SINO-I TECH
00251,SEA HOLDINGS
00252,SE ASIA PPT
00253,SHUNHO HOLDINGS
00254,NUR HOLDINGS
00255,LUNG KEE
00256,CITYCHAMP
00257,CHINA EB INT'L
00258,TOMSON GROUP
00259,YEEBO (INT'L H)
00260,AVIC JOY HLDG
00261,CCT LAND
00262,DESON DEV INT'L
00263,GT GROUP HLDG
00264,ASCENT INT'L
00265,ORIENT VICTORY
00266,TIAN TECK LAND
00267,CITIC
00268,KINGDEE INT'L
00269,CRTG
00270,GUANGDONG INV
00271,ASIASEC PPT
00272,SHUI ON LAND
00273,MASON GP HOLD
00274,C BILLION RES
00275,MASTER GLORY GP
00276,MONGOLIA ENERGY
00277,TERN PROPERTIES
00278,WAH HA REALTY
00279,FREEMAN FINTECH
00280,KING FOOK HOLD
00281,RIVERA (HOLD)
00282,NEXT DIGITAL
00285,BYD ELECTRONIC
00286,CS HEALTH
00287,WINFAIR INV
00288,WH GROUP
00289,WING ON CO
00290,C FORTUNE FIN
00291,CHINA RES BEER
00292,ASIA STD HOTEL
00293,CATHAY PAC AIR
00294,YANGTZEKIANG
00295,KONG SUN HOLD
00296,EMPEROR E HOTEL
00297,SINOFERT
00298,CHUANG'S CHINA
00299,NEW SPORTS
00300,KUNMING MACHINE
00303,VTECH HOLDINGS
00305,WULING MOTORS
00306,KWOON CHUNG BUS
00307,UP ENERGY DEV
00308,CHINA TRAVEL HK
00309,XH NEWS MEDIA
00310,PROSP INV HOLD
00311,LUEN THAI
00312,SHIRBLE STORE
00313,RICHLY FIELD
00315,SMARTONE TELE
00316,OOIL
00317,COMEC
00318,VONGROUP
00320,COMPUTIME
00321,TEXWINCA HOLD
00322,TINGYI
00323,MAANSHAN IRON
00326,CHINA STAR ENT
00327,PAX GLOBAL
00328,ALCO HOLDINGS
00329,OCI INTL
00330,ESPRIT HOLDINGS
00331,FSE ENGINEERING
00332,YUANHENG GAS
00333,TOP FORM INT'L
00334,CH DISPLAY OPT
00335,UPBEST GROUP
00336,HUABAO INTL
00337,GREENLAND HK
00338,SHANGHAI PECHEM
00339,EARNEST INV
00340,CHINA MINING
00341,CAFE DE CORAL H
00342,NEWOCEAN ENERGY
00343,CULTURECOM HOLD
00345,VITASOY INT'L
00346,YANCHANG PETRO
00347,ANGANG STEEL
00348,CHINAHEALTHWISE
00351,ASIA ENERGY LOG
00352,FORTUNE SUN
00353,ENERGY INTINV
00354,CHINASOFT INT'L
00355,CENTURY C INT'L
00356,DT CAPITAL
00357,HNA INFRA
00358,JIANGXI COPPER
00359,HAISHENG JUICE
00360,NEW FOCUS AUTO
00361,SINO GOLF HOLD
00362,C ZENITH CHEM
00363,SHANGHAI IND H
00364,BLOCKCHAIN GP
00365,UNIS HOLDINGS
00366,LUKS GROUP (VN)
00367,CHUANG'S INT'L
00368,SINOTRANS SHIP
00369,WING TAI PPT
00370,CHINA BEST
00371,BJ ENT WATER
00372,PT INTL DEV
00373,ALLIED GROUP
00374,FOUR SEAS MER
00375,YGM TRADING
00376,YUNFENG FIN
00377,HUAJUN HOLD
00378,FDG KINETIC
00379,EG LEASING
00380,SOFTPOWER INT
00381,KIU HUNG INT'L
00382,WELLING HOLDING
00383,CHINA MED&HCARE
00384,CHINA GAS-200
00385,CHINNEY ALLI
00386,SINOPEC CORP
00387,LEEPORT(HOLD)
00388,HKEX
00389,TONTINE WINES
00390,CHINA RAILWAY
00391,MEI AH ENTER
00392,BEIJING ENT
00393,GLORIOUS SUN
00395,SMARTAC GP CH
00396,HING LEE (HK)
00397,JUN YANG FIN
00398,ORIENTAL WATCH
00399,INNOVATIVE PHAR
00400,COGOBUY
00401,WANJIA GROUP
00402,PEACEMAP HOLD
00403,STARLITE HOLD
00404,HSIN CHONG GP
00406,YAU LEE HOLD
00408,YIP'S CHEMICAL
00410,SOHO CHINA
00411,LAM SOON (HK)
00412,CHINA SDHS FIN
00413,SC HOLDINGS
00416,BANKOFJINZHOU
00417,TSE SUI LUEN
00418,FOUNDER HOLD
00419,HUAYI TENCENT
00420,FOUNTAIN SET
00422,VMEP HOLDINGS
00423,HKET HOLDINGS
00425,MINTH GROUP
00426,ONE MEDIA GROUP
00428,HUGE CHINA
00430,ORIENTAL EXPL
00431,G CHINA FIN
00432,PCPD
00433,NORTH MINING
00434,BOYAA
00436,NU ENVIRO
00438,IRICO NEWENERGY
00439,KUANGCHI
00440,DAH SING
00442,HIFOOD GROUP
00444,SINCEREWATCH HK
00445,CHINA FIRE
00449,CHIGO HOLDING
00450,HUNG HING PRINT
00451,GCL NEWENERGY
00455,TIANDA PHARMA
00456,NEW CITY DEV
00458,TRISTATE HOLD
00459,MIDLAND IC&I
00460,SIHUAN PHARM
00462,NATURAL DAIRY
00464,KENFORD GROUP
00465,FUTONG TECH
00467,UNITEDENERGY GP
00468,GAPACK
00469,CAPXON INT'L
00471,CMMB VISION
00472,NEW SILKROAD
00474,HAO TIAN DEV
00475,ZHONG FA ZHAN
00476,CH DYNAMICS
00479,CIL HOLDINGS
00480,HKR INT'L
00482,SANDMARTIN INTL
00483,BAUHAUS INT'L
00484,FORGAME
00485,CHINASINOSTAR
00486,RUSAL
00487,SUCCESSUNIVERSE
00488,LAI SUN DEV
00489,DONGFENG GROUP
00491,EMPEROR CULTURE
00493,GOME RETAIL
00494,LI & FUNG
00495,PALADIN
00496,KASEN
00497,CSI PROPERTIES
00498,PYI CORP
00499,QINGDAO HLDGS
00500,FRONTIER SER
00503,LANSEN PHARMA
00505,HUAN YUE INTER
00506,CHINA FOODS
00508,DINGYI GP INV
00509,SUNSHINE
00510,CASH FIN SER GP
00511,TVB
00512,CHINAGRANDPHARM
00513,CONTINENTAL H
00515,TC ORI LIGHT
00517,COSCO SHIP INTL
00518,TUNGTEX (HOLD)
00519,APPLIED DEV
00520,XIABUXIABU
00521,CWT INT'L
00522,ASM PACIFIC
00524,E-KONG GROUP
00525,GUANGSHEN RAIL
00526,LISI GP HOLD
00527,RUIFENG RENEW
00528,KINGDOM HOLDING
00529,SIS INT'L
00530,GOLDIN FIN HOLD
00531,SAMSON HOLDING
00532,WKK INTL (HOLD)
00533,GOLDLION HOLD
00535,GEMDALE PPT
00536,TRADELINK
00538,AJISEN (CHINA)
00539,VICTORY CITY
00540,SPEEDY GLOBAL
00542,CENERIC
00543,PACIFIC ONLINE
00544,DAIDO GROUP
00546,FUFENG GROUP
00547,DIGITAL DOMAIN
00548,SHENZHENEXPRESS
00550,KK CULTURE
00551,YUE YUEN IND
00552,CHINACOMSERVICE
00553,NANJING PANDA
00554,HANS ENERGY
00555,REXLOT HOLDINGS
00556,PAN ASIA ENVIRO
00557,CITY E-SOLUTION
00558,LK TECH
00559,DETAI NEWENERGY
00560,CHU KONG SHIP
00563,SH IND URBAN
00564,ZMJ
00565,ART GROUP HOLD
00566,HANERGY TFP
00567,DAISHOMICROLINE
00568,SHANDONG MOLONG
00569,CH AUTOMATION
00570,TRAD CHI MED
00571,ESUN HOLDINGS
00572,FUTURE WORLD FH
00573,TAO HEUNG HLDGS
00574,PASHUN INT'L
00575,REGENT PACIFIC
00576,ZHEJIANGEXPRESS
00577,THE 13 HOLDINGS
00578,ROSAN RES
00579,JNCEC
00580,SUN.KING ELEC
00581,CHINA ORIENTAL
00582,LANDING INTL
00583,GWPA HOLDINGS
00585,IMAGI INT'L
00586,CONCH VENTURE
00587,HUA HAN HEALTH
00588,BEIJING N STAR
00589,PORTICO INT'L
00590,LUK FOOK HOLD
00591,C HIGHPRECISION
00592,BOSSINI INT'L
00593,DREAMEAST
00595,AV CONCEPT HOLD
00596,INSPUR INT'L
00598,SINOTRANS
00599,E. BON HOLDINGS
00600,CHINA INFRA INV
00601,GROUP SENSE
00602,JIAHUA STORES H
00603,CHINA OIL & GAS
00604,SHENZHEN INVEST
00605,C FIN SERVICES
00606,CHINA AGRI
00607,FULLSHARE
00608,HIGH FASHION
00609,TIANDE CHEMICAL
00610,WAI KEE HOLD
00611,CNE TECH CORP
00612,CHINA INV FUND
00613,YUGANG INT'L
00616,EMINENCE ENT
00617,PALIBURG HOLD
00618,PKU RESOURCES
00619,SOUTH CHINA FIN
00620,DTXS SILK ROAD
00621,TAUNG GOLD
00622,ENERCHINA HOLD
00623,SINOMEDIA
00626,PUBLIC FIN HOLD
00627,U-RIGHT INT'L
00628,GOME FIN TECH
00629,YUE DA MINING
00630,AMCO UNITED
00631,SANY INT'L
00632,PEARLORIENT OIL
00633,CH ALL ACCESS
00635,PLAYMATES
00636,KERRY LOG NET
00637,LEE KEE
00638,KIN YAT HOLD
00639,SHOUGANG RES
00640,INFINITY DEV
00641,CHTC FONG'S
00643,CARRY WEALTH
00645,ARES ASIA
00646,CHINA ENV TEC
00647,JOYCE BOUTIQUE
00648,WAH YAN-NEW
00650,IDG ENERGY
00651,CHI OCEAN IND
00653,BONJOUR HOLD
00655,HK CHINESE LTD
00656,FOSUN INTL
00657,G-VISION INT'L
00658,C TRANSMISSION
00659,NWS HOLDINGS
00660,WAI CHUN MINING
00661,CDAYENONFER
00662,ASIA FINANCIAL
00663,KING STONE ENGY
00665,HAITONG INT'L
00666,SHK HK IND
00668,DOYEN INTL HOLD
00669,TECHTRONIC IND
00670,CHINA EAST AIR
00672,ZHONGAN REALEST
00673,CHINA HEALTH
00674,CHINA TANGSHANG
00675,K & P INT'L
00676,PEGASUS INT'L
00677,GOLDEN RES DEV
00678,GENTING HK
00679,ASIA TELE-NET
00680,NAN HAI CORP
00681,CHI PEOPLE HOLD
00682,CHAODA MODERN
00683,KERRY PPT
00684,ALLAN INT'L
00685,MEDIA CHINESE
00686,PANDA GREEN
00687,HKICIM GROUP
00688,CHINA OVERSEAS
00689,EPI (HOLDINGS)
00690,UNI-BIO GROUP
00691,SHANSHUI CEMENT
00692,CHINA HOUSEHOLD
00693,TAN CHONG INT'L
00694,BEIJING AIRPORT
00695,DONGWU CEMENT
00696,TRAVELSKY TECH
00697,SHOUGANG INT'L
00698,TONGDA GROUP
00699,CAR INC
00700,TENCENT
00701,CNT GROUP
00702,SINO OIL & GAS
00703,FUTURE BRIGHT
00704,HUSCOKE RES
00705,DINGHE MINING
00706,BEAUTI C HOLD
00707,CO-PROSPERITY
00708,EVERG HEALTH
00709,GIORDANO INT'L
00710,BOE VARITRONIX
00711,ASIA ALLIED INF
00712,COMTEC SOLAR
00713,WORLD HOUSEWARE
00715,CHINA OCEANWIDE
00716,SINGAMAS CONT
00717,EMPEROR CAPITAL
00718,TAI UNITED HOLD
00719,SHANDONG XINHUA
00720,AUTO ITALIA
00721,C FIN INT INV
00722,UMP
00723,SUSTAIN FOREST
00724,RUIXIN INT'L
00725,PERENNIAL INT'L
00726,CM DRAWIN TECH
00727,CROWNICORP
00728,CHINA TELECOM
00729,FDG EVEHICLES
00730,SHOUGANG GRAND
00731,SAMSON PAPER
00732,TRULY INT'L
00733,HOPEFLUENT
00735,CP CLEAN ENERGY
00736,CHINA PPT INV
00737,HOPEWELL INFR
00738,LE SAUNDA
00743,ASIA CEMENT CH
00745,CN CULTURE GP
00746,L & M CHEMICAL
00747,SHENYANG PUBLIC
00750,SINGYES SOLAR
00751,SKYWORTHDIGITAL
00752,PICO FAR EAST
00753,AIR CHINA
00754,HOPSON DEV HOLD
00755,SHANGHAI ZENDAI
00756,TIANYI SUMMI
00757,SOLARGIGA
00758,JUNEFIELD GROUP
00759,CEC INT'L HOLD
00760,TALENT PPT GP
00761,BEL GLOBAL RES
00762,CHINA UNICOM
00763,ZTE
00764,ETERNITY INV
00765,PERFECTECH INTL
00766,SINO PROSPER GP
00767,PACIFIC PLYWOOD
00768,UBA INVESTMENTS
00769,CHINA RAREEARTH
00770,SHANGHAI GROWTH
00771,AUTOMATED SYS
00772,CHINA LIT
00775,CKLIFE SCIENCES
00776,IMPERIUM GP
00777,NETDRAGON
00787,GLOBAL BRANDS
00789,PRIMEVIEW HLDG
00794,COME SURE GROUP
00798,CEOVU
00799,IGG
00800,A8 NEW MEDIA
00801,GOLDEN MEDITECH
00802,CHINA E-WALLET
00803,PROSPERITY INTL
00804,PINESTONE
00805,GLENCORE-S
00806,VALUE PARTNERS
00809,GLOBAL BIO-CHEM
00810,CH INTERNET INV
00811,XINHUA WINSHARE
00812,SWSI
00813,SHIMAO PROPERTY
00814,JINGKELONG
00815,CHI SILVER GP
00816,HUADIAN FUXIN
00817,CHINA JINMAO
00818,HI SUN TECH
00819,TIANNENG POWER
00821,VC HOLDINGS
00822,KA SHUI INT'L
00825,NWDS CHINA
00826,TIANGONG INT'L
00827,KO YO GROUP
00828,DYNASTY WINES
00829,SHENGUAN HLDGS
00830,FAR EAST GLOBAL
00831,CR ASIA
00832,CENTRAL CHINA
00833,ALLTRONICS
00834,KANGDA FOOD
00835,ASIA COAL
00836,CHINA RES POWER
00837,CARPENTER TAN
00838,EVA HOLDINGS
00839,CHINA EDU GROUP
00840,TIANYE WATER
00841,CASSAVA RES
00842,LEOCH INT'L
00844,GREATIME INTL
00845,GLORIOUS PPT H
00846,MINGFA GROUP
00847,KAZ MINERALS-S
00848,MAOYE INT'L
00850,TOURONG CHANGFU
00851,SHENG YUAN HLDG
00852,STRONG PETRO
00853,MICROPORT
00854,WILLAS-ARRAY
00855,CHINA WATER
00856,VSTECS
00857,PETROCHINA
00858,EXTRAWELL PHAR
00859,HENRY GROUP
00860,O LUXE HOLD
00861,DC HOLDINGS
00862,VISION VALUES
00863,BRANDINGCHINA
00864,WING LEE PPT
00865,JIANDE INT'L
00866,CHINA QINFA
00867,CMS
00868,XINYI GLASS
00869,PLAYMATES TOYS
00871,CH DREDG ENV
00872,TUS INTL
00873,C TAIFENG BED
00874,BAIYUNSHAN PH
00875,CHINA FIN INV
00876,MEGA MEDICAL
00877,O-NET TECH GP
00878,SOUNDWILL HOLD
00880,SJM HOLDINGS
00881,ZHONGSHENG HLDG
00882,TIANJIN DEV
00883,CNOOC
00884,CIFI HOLD GP
00885,RENTIAN TECH
00886,SILVER BASE
00887,EMPEROR WATCH&J
00888,ROADSHOW
00889,DATRONIX HOLD
00891,TRINITY
00893,CHINAVTM MINING
00894,MAN YUE TECH
00895,DONGJIANG ENV
00896,HANISON
00897,WAI YUEN TONG
00898,MULTIFIELD INTL
00899,ASIA RESOURCES
00900,AEON CREDIT
00901,EAGLERIDE INV
00902,HUANENG POWER
00903,TPV TECHNOLOGY
00904,CHINA GREEN
00905,GLOBAL M CAP
00906,COFCO PACKAGING
00907,ELEGANCEOPTICAL
00908,ZHUHAI H INV
00909,ZHONGDA INT'L
00910,CHINA SANDI
00911,QIANHAI HEALTH
00912,SUGA INT'L
00913,UNITY INV HOLD
00914,CONCH CEMENT
00915,DAOHE GLOBAL
00916,CHINA LONGYUAN
00918,STATE EN ASSETS
00919,MODERN BEAUTY
00921,HISENSE KELON
00922,ANXIANYUAN CH
00923,IWS
00925,BJ PROPERTIES
00926,BESUNYEN
00927,FUJIKON IND
00928,LIFE HEALTHCARE
00929,IPE GROUP
00931,CHINA LNG
00932,RM GROUP-NEW
00933,BRIGHTOIL
00934,SINOPEC KANTONS
00935,DRAGON CROWN
00936,EAGLE LEGEND
00938,MAN SANG INT'L
00939,CCB
00940,C ANIMAL HEALTH
00941,CHINA MOBILE
00943,EFORCE HOLDINGS
00945,MANULIFE-S
00947,MOBI DEV
00948,Z-OBEE
00950,LEE'S PHARM
00951,CHAOWEI POWER
00952,OCEANWIDE FIN
00953,SHAW BROTHERS
00954,CHANGMAO BIO
00956,CHINA SUNTIEN
00958,HN RENEWABLES
00959,AMAX INT HOLD
00960,LONGFOR PPT
00966,CHINA TAIPING
00967,SOUND GLOBAL
00968,XINYI SOLAR
00969,HUA LIEN INT'L
00970,SPARKLE ROLL
00973,L'OCCITANE
00974,SKL
00975,MONGOL MINING
00976,CHIHO ENV
00978,CHI MER LAND
00979,GREEN ENERGY GP
00980,LIANHUA
00981,SMIC
00982,HJ CAPITAL INTL
00983,SOCAM DEV
00984,AEON STORES
00985,CST GROUP
00986,CH ENV ENERGY
00987,CH RENEW EN INV
00988,LOUDONG GN RES
00989,GROUND INTL DEV
00990,THEME INT'L
00991,DATANG POWER
00992,LENOVO GROUP
00993,HUARONG INT FIN
00994,WIN WIN WAY
00995,ANHUIEXPRESSWAY
00996,CARNIVAL GROUP
00997,CHINLINK INTL
00998,CITIC BANK
00999,I.T
01000,BEIJING MEDIA
01001,HK SH ALLIANCE
01002,V.S. INT'L
01003,HUANXI MEDIA
01004,C SMARTERENERGY
01005,MATRIX HOLDINGS
01006,CHANGSHOUHUA
01007,DAQING DAIRY
01008,BRILLIANT CIR
01009,INT'L ENT
01010,PACRAY INT'L
01011,NT PHARMA
01013,WAI CHUN GROUP
01019,CONVOY
01020,CYBERNAUT INT'L
01021,MIDAS HLDGS-S
01022,FEIYU
01023,SITOY GROUP
01026,UNIVERSAL TECH
01027,CHINA JICHENG
01028,C.BANNER
01029,IRC
01030,FUTURE LAND
01031,KINGSTON FIN
01033,SINOPEC SSC
01035,BBI LIFE SCI
01036,VANKE PPT OVS
01037,MAXNERVA TECH
01038,CKI HOLDINGS
01039,FORTUNET E-COMM
01041,LAMTEX HLDGS
01043,COSLIGHT TECH
01044,HENGAN INT'L
01045,APT SATELLITE
01046,UNI INTL FIN
01047,NGAI HING HONG
01048,YORKSHINE HLDGS
01049,CELESTIAL ASIA
01050,KARRIE INT'L
01051,G-RESOURCES
01052,YUEXIUTRANSPORT
01053,CHONGQING IRON
01055,CHINA SOUTH AIR
01057,ZHEJIANG SHIBAO
01058,GUANGDONG TANN
01059,KANTONE HOLDING
01060,ALI PICTURES
01061,ESSEX BIO-TECH
01062,CDB INT'L INV
01063,SUNCORP TECH
01064,ZHONG HUA INT'L
01065,TIANJIN CAPITAL
01066,WEIGAO GROUP
01068,YURUN FOOD
01069,CA LOW-CARBON
01070,TCL MULTIMEDIA
01071,HUADIAN POWER
01072,DONGFANG ELEC
01073,CHINA AGROTECH
01075,CAPINFO
01076,IMPERIAL PAC
01079,PINE TECH
01080,SHENGLI PIPE
01082,HK EDU INTL
01083,TOWNGAS CHINA
01085,HXTL
01086,GOODBABY INTL
01087,INVESTECH HLDGS
01088,CHINA SHENHUA
01089,LEYOU TECH H
01090,DA MING INT'L
01091,CITIC DAMENG
01093,CSPC PHARMA
01094,C P PROCUREMENT
01096,SINO ENERGY INT
01097,I-CABLE COMM
01098,ROAD KING INFRA
01099,SINOPHARM
01100,MAINLAND HOLD
01101,HUARONG ENERGY
01102,ENVIRO ENERGY
01103,DASHENG AGR FIN
01104,APAC RESOURCES
01105,SING TAO
01106,SINO HAIJING
01107,MODERN LAND
01108,LUOYANG GLASS
01109,CHINA RES LAND
01110,KINGWORLD
01111,CHONG HING BANK
01112,H&H INTL HLDG
01113,CK ASSET
01114,BRILLIANCE CHI
01115,TIBET WATER
01116,MAYER HOLDINGS
01117,CH MODERN D
01118,GOLIK HOLDINGS
01120,ARTS OPTICAL
01121,BAOFENGMODERN
01122,QINGLING MOTORS
01123,CHINA-HK PHOTO
01124,COASTAL GL
01125,LAI FUNG HOLD
01126,DREAM INT'L
01127,LION ROCK GROUP
01128,WYNN MACAU
01129,WATER INDUSTRY
01130,CHINA ENV RES
01131,AGRITRADE RES
01132,ORANGE SKY G H
01133,HARBIN ELECTRIC
01135,ASIA SATELLITE
01137,HKTV
01138,COSCO SHIP ENGY
01139,VICTORY GROUP
01140,OP FIN INV
01141,CMBC CAPITAL
01142,SIBERIAN MINING
01143,CH HCARE ENT
01145,COURAGE INV
01146,CH OUTFITTERS
01148,POWER XINCHEN
01149,ANXIN-CHINA
01150,MILAN STATION
01151,ELEC & ELTEK
01152,INFINITY FIN
01155,CENTRON TELECOM
01157,ZOOMLION
01159,STARLIGHT CUL
01160,GRAND INV INTL
01161,WATER OASIS GP
01164,CGN MINING
01165,SFCE
01166,SOLARTECH INT'L
01168,SINOLINK HOLD
01169,HAIER ELEC
01170,KINGMAKER
01171,YANZHOU COAL
01172,MIDAS INT'L
01173,VEEKO INT'L
01174,PACIFIC ANDES
01175,FRESH EXP
01176,ZHUGUANG HOLD
01177,SINO BIOPHARM
01178,SHARE ECON GP
01180,PARADISE ENT
01181,TANG PALACE
01182,SUCCESS DRAGON
01184,S.A.S. DRAGON
01185,CHINA ENERGINE
01186,CHINA RAIL CONS
01187,HAN TANG INTL
01188,HYBRID KINETIC
01189,ROSEDALE HOTEL
01190,BOLINA
01191,CHINA GEM HLDGS
01192,TITAN PETROCHEM
01193,CHINA RES GAS
01194,MUNSUN CAPITAL
01195,KINGWELL GROUP
01196,REALORD GROUP
01197,CHINA HENGSHI
01198,ROYALE FURN
01199,COSCO SHIP PORT
01200,MIDLAND HOLDING
01201,TESSON HOLDINGS
01202,CHENGDU PUTIAN
01203,GUANGNAN (HOLD)
01205,CITIC RESOURCES
01206,TECHNOVATOR
01207,SRE GROUP
01208,MMG
01210,CHRISTINE
01211,BYD COMPANY
01212,LIFESTYLE INT'L
01213,MOBICON GROUP
01215,KAI YUAN HLDGS
01216,ZYBANK
01217,CH INNOVATION
01218,EASYKNIT INT'L
01219,TENWOW INT'L
01220,ZHIDAO INT'L
01221,SINO HOTELS
01222,WANG ON GROUP
01223,SYMPHONY HOLD
01224,C C LAND
01225,LERADO FIN
01226,CH INV FIN GP
01227,NATIONAL INV
01228,SUPERB SUMMIT
01229,NAN NAN RES
01230,YASHILI INT'L
01231,NEWTON RES
01232,GW TIANDI
01233,TIMES PPT
01234,CHINA LILANG
01235,TRAVEL EXPERT
01236,NATIONAL AGRI
01237,CH ENV TECH&BIO
01238,POWERLONG
01239,TEAMWAY INTL GP
01240,CNQC INT'L
01241,SHUANGHUA H
01243,WANG ON PPT
01245,NIRAKU
01246,BOILLHEALTHCARE
01247,MIKO INTL
01249,TONLY ELEC
01250,BE CLEAN ENERGY
01251,SPT ENERGY
01252,CHINA TIANRUI
01253,GREENLAND BROAD
01255,S. CULTURE
01257,CEB GREENTECH
01258,CHINFMINING
01259,CH CHILD CARE
01260,WONDERFUL SKY
01262,LABIXIAOXIN
01263,PC PARTNER
01265,TIANJINJINRAN
01266,XIWANG STEEL
01268,MEIDONG AUTO
01269,FIRST CAP GP
01270,LANGHAM-SS
01271,GRAND MING
01272,DATANG ENVIRO
01273,HK FINANCE GP
01277,KINETIC M&E
01278,CHINANEWTOWN
01280,HUIYIN SMARTCOM
01281,LT SMART ENERGY
01282,CHINA GOLDJOY
01285,JIASHILI GP
01288,ABC
01289,SUNLIT SCI
01290,CHINA HUIRONG
01292,CMA LOGISTICS
01293,GRAND BAOXIN
01296,GUODIAN TECH
01297,SINOSOFT TECH
01298,TECHCOMP
01299,AIA
01300,TRIGIANT
01301,D&G TECH
01302,LIFETECH SCI
01303,HUILI RES
01305,WAI CHI HOLD
01308,SITC
01310,HKBN
01312,TONGFANG KONTA
01313,CHINARES CEMENT
01314,TSUI WAH HLDG
01315,VISION FAME
01316,NEXTEER
01317,MAPLELEAF EDU
01318,GREENS HOLDINGS
01319,OIWAHPAWN
01321,CHINA NEWCITY
01322,CW GROUP HOLD
01323,NEWTREE GROUP
01326,PEGASUS ENT
01327,TIME2U
01328,INT'L ELITE
01329,CAPITAL GRAND
01330,DYNAGREEN ENV
01332,CHINA TOUYUN
01333,CHINA ZHONGWANG
01335,SHEEN TAI
01336,NCI
01337,RAZER
01338,BAWANG GROUP
01339,PICC GROUP
01340,HUISHENG INTL
01341,HAO TIAN INTL
01345,PIONEER PHARM
01347,HUA HONG SEMI
01348,QUALI-SMART
01349,FUDANZHANGJIANG
01353,NUOQI
01355,LEGEND STRAT
01357,MEITU
01358,PW MEDTECH
01359,CHINA CINDA
01360,MEGAEXPO HLDG
01361,361 DEGREES
01362,SIS MOBILE
01363,CTEG
01365,RUNDONG AUTO
01366,JIANGNAN GP
01367,SFUND INTL HLDG
01368,XTEP INT'L
01369,WUZHOU INT'L
01370,HENGSHIMINING
01371,CHINA LOTSYN
01372,BISU TECH
01373,IH RETAIL
01375,CC SECURITIES
01378,CHINAHONGQIAO
01380,CHI KINGSTONE
01381,CANVEST ENV
01382,PACIFICTEXTILES
01383,SUNCITY GROUP
01385,SHANGHAI FUDAN
01386,VESTATE GROUP
01387,RENHE COMM
01388,EMBRY HOLDINGS
01389,MAJOR HLDGS
01393,HIDILI INDUSTRY
01395,ELL ENV
01396,HYDOO INTL
01397,BAGUIO GREEN
01398,ICBC
01399,SCUD GROUP
01400,WANG TAI HLDG
01415,COWELL
01417,RIVERINE CHINA
01418,SINOMAX GROUP
01419,HUMAN HEALTH
01420,CHUAN HOLDING
01421,KINGBO STRIKE
01428,BRIGHT SMART
01430,SUCHUANG GAS
01431,YST DAIRY
01432,CHINA SHENGMU
01439,MOBILE INTERNET
01443,FULUM GP HLDG
01446,HUNGFOOKTONG
01447,SFK
01448,FU SHOU YUAN
01450,CENTURY SAGE
01452,DENOX ENV
01456,GUOLIAN SEC
01458,ZHOU HEI YA
01459,JUJIANG CONS
01460,ICO GROUP
01461,LUZHENG FUTURES
01462,GOLD-FIN HLDG
01466,AFFLUENTPARTNER
01468,UKF
01469,GET NICE FIN
01470,PROSPER ONE
01475,NISSIN FOODS
01476,HENGTOU SEC
01478,Q TECH
01480,YAN TAT GROUP
01483,U BANQUET GP
01486,C CHENG HLDGS
01488,BEST FOOD HLDG
01492,ZHONGDI DAIRY
01495,JIYIHOUSEHOLD
01496,AP RENTALS
01498,PURAPHARM
01499,LEAP HLDGS GP
01500,INCON
01508,CHINA RE
01509,HARMONICARE
01513,LIVZON PHARMA
01515,CRPHOENIXHEALTH
01518,NC HEALTHCARE
01520,CEFC FIN INV
01522,BII TRANS TECH
01523,PLOVER BAY TECH
01526,RICI HEALTH
01527,TENGY ENV
01528,RS MACALLINE
01530,3SBIO
01532,CHINA PARTYTIME
01533,ZHUANGYUAN PA
01536,YUK WING GP
01538,ZHONG AO HOME
01539,SYNERGY GROUP
01543,JOIN-SHARE
01546,THELLOY DEV
01547,IBI GROUP HLDGS
01548,GENSCRIPT BIO
01549,EVER HARVEST GP
01551,GRCB
01552,BHCC HOLDING
01555,MIE HOLDINGS
01556,CHINNEY KW
01557,K.H. GP HLDGS
01558,HEC PHARM
01559,KWAN ON HLDGS
01560,STAR PROPERTIES
01561,MANFIELD CHEM
01565,VIRSCEND EDU
01566,CHINA ANIMATION
01568,SUNDART HLDGS
01569,MINSHENG EDU
01570,WEIYE HOLDINGS
01571,XIN POINT HOLD
01572,CHINA ART FIN
01573,CH UNIENERGY
01575,MORRIS HOLD
01577,HUIXIN CREDIT
01578,BANK OF TIANJIN
01579,YIHAI INTL
01580,DA SEN HLDGS
01581,PROGRESSIVE P
01583,QINQIN FOODS
01585,YADEA
01586,CHINA LEON
01588,CHANJET
01589,CNLP
01591,SHUN WO GROUP
01596,YICHEN IND
01599,UCD
01600,TIAN LUN GAS
01606,CDB LEASING
01608,VPOWER GROUP
01609,CHONG KIN GP
01610,COFCO MEAT
01611,PANTRONICS HLDG
01612,VINCENT MED
01613,SYNERTONE
01616,STARRISE MEDIA
01617,NANFANG COMM
01618,MCC
01619,TIANHE CHEM
01622,REDCO PPT
01623,HILONG
01626,JIA YAO HLDGS
01627,ABLE ENG HLDGS
01628,YUZHOU PPT
01629,MENGKE HLDGS
01630,KIN SHING HLDGS
01631,REF HOLDINGS
01632,FOODWISE HLDG
01633,SHEUNG YUE GP
01635,DZUG
01636,CMRU
01637,SH GROUP HLDG
01638,KAISA GROUP
01639,AKM INDUSTRIAL
01647,SHIS LTD
01649,IMEEI
01651,TSUGAMI CHINA
01655,OKURA HOLDINGS
01656,ISDN HOLDINGS
01658,PSBC
01660,SANROC INT'L
01661,WISDOM SPORTS
01662,YEE HOP HLDGS
01663,S HARBOURHOLD
01666,TONG REN TANG
01667,MILESTONE BUILD
01668,CHINASOUTHCITY
01669,GIC GROUP
01673,HUAZHANG TECH
01676,C SHENGHAI FOOD
01678,CREATIVE GLOBAL
01679,RISECOMM GP
01680,MACAU LEGEND
01681,CONSUN PHARMA
01682,HIGHLIGHT IOT
01683,ROYAL CHINA INT
01685,BOER POWER
01689,HUAXIHOLDINGS
01693,BGMC
01695,S&P INTL HLDG
01696,SISRAM MED
01697,SDITC
01698,BOSHIWA INT'L
01699,PUTIAN FOOD
01700,SPRINGLAND
01702,DONGGUANG CHEM
01706,SHUANG YUN HLDG
01707,GEOTECH HLDGS
01708,SAMPLE TECH
01709,SEASON PACIFIC
01710,TRIO IND ELEC
01717,AUSNUTRIA
01718,WAN KEI GROUP
01720,PUTIAN COMM
01722,KIN PANG HLDGS
01727,HEBEI CONS
01728,ZHENGTONGAUTO
01733,E-COMMODITIES
01738,FS ANTHRACITE
01766,CRRC
01771,SUNFONDA GP
01776,GF SEC
01777,FANTASIA
01778,COLOUR LIFE
01786,CRCCE
01788,GUOTAI JUNAN I
01789,AK MEDICAL
01798,DATANG RENEW
01799,XINTE ENERGY
01800,CHINA COMM CONS
01803,BJ SPORTS & ENT
01808,ENTERPRISE DEV
01811,CGN NEW ENERGY
01812,CHENMING PAPER
01813,KWG PROPERTY
01816,CGN POWER
01818,ZHAOJIN MINING
01819,FUGUINIAO
01822,HONGDA FIN
01823,HUAYUEXPRESSWAY
01826,FDB HOLDINGS
01828,DCH HOLDINGS
01829,CMEC
01830,PERFECT SHAPE
01831,SHIFANG HLDG
01836,STELLA HOLDINGS
01838,CHINAPROPERTIES
01848,CALC
01856,ERNEST BOREL
01858,CHUNLI MEDICAL
01862,JINGRUI HLDGS
01863,CHI LONGEVITY
01866,CHINA XLX FERT
01868,NEO-NEON
01878,SOUTHGOBI-S
01882,HAITIAN INT'L
01883,CITIC TELECOM
01884,EPRINT GROUP
01885,CH WOOD OPT
01886,HUIYUAN JUICE
01888,KB LAMINATES
01889,SANAI HEALTH GP
01893,SINOMA
01898,CHINA COAL
01899,XINGDA INT'L
01900,CHINA ITS
01908,C&D INTL GROUP
01910,SAMSONITE
01913,PRADA
01918,SUNAC
01919,COSCO SHIP HOLD
01928,SANDS CHINA LTD
01929,CHOW TAI FOOK
01932,CPM GROUP
01938,CHU KONG PIPE
01958,BAIC MOTOR
01962,EVERGREEN PG
01963,BCQ
01966,CHINA SCE PPT
01970,IMAX CHINA
01972,SWIREPROPERTIES
01975,SUN HING PRINT
01979,TEN PAO GROUP
01980,TIANGE
01982,NAMESON HLDGS
01985,MICROWARE
01986,TSAKER CHEM
01988,MINSHENG BANK
01989,PINE CARE GP
01991,TA YANG GROUP
01993,ASIARAY
01997,WHARF REIC
01998,FLYKE INT'L
01999,MAN WAH HLDGS
02000,SIM TECH
02001,NEW HIGHER EDU
02002,SUNSHINE PAPER
02005,SSY GROUP
02006,JINJIANG HOTELS
02007,COUNTRY GARDEN
02008,PHOENIX TV
02009,BBMG
02010,REAL NUTRI
02011,KEE
02012,SUNSHINE OIL
02014,OZNER WATER
02016,CZBANK
02017,CHANHIGH
02018,AAC TECH
02020,ANTA SPORTS
02022,DIGIT HOLLYWOOD
02023,CHINA LUDAO
02028,JOLIMARK
02030,CABBEEN
02031,AUSUPREME
02033,TIME WATCH
02038,FIH
02039,CIMC
02066,SHENGJINGBANK
02068,CHALIECO
02078,PANASIALUM
02080,AUX INTL
02083,NATURE HOME
02086,HNA TECH INV
02088,XIWANG PROPERTY
02098,ZALL GROUP
02099,CHINAGOLDINTL
02100,BAIOO
02111,BEST PACIFIC
02112,CAA RESOURCES
02113,CHERISH HLDGS
02118,TIAN SHAN DEV
02120,KN HOSPITAL
02121,FIRST CHEM
02122,KIDSLAND INTL
02123,GOLDEN SHIELD
02128,CHINA LESSO
02133,CH POLYMETAL
02136,LIFESTYLE CHI
02138,UM HEALTHCARE
02166,SMART-CORE
02178,PETRO-KING
02183,SANSHENG HLDG
02186,LUYE PHARMA
02188,TITANS ENERGY
02193,MAN KING HOLD
02196,FOSUN PHARMA
02198,CHINA SANJIANG
02199,REGINA MIRACLE
02200,HOSA INT'L
02202,CHINA VANKE
02203,TOP DYNAMIC
02208,GOLDWIND
02211,UNI HEALTH
02212,FB MINING
02213,YI HUA HLDG
02218,ANDRE JUICE
02221,NEW CONCEPTS
02222,NVC LIGHTING
02223,CASABLANCA
02225,KAKIKO GROUP
02226,HONWORLD GP
02227,SOLIS HOLDINGS
02228,CECEP COSTIN
02229,CG DUNXIN
02232,CRYSTAL INTL
02233,WESTCHINACEMENT
02236,WISON ENGRG
02238,GAC GROUP
02239,SMIT
02255,HAICHANG HLDG
02266,LAI SI ENT
02268,YOUYUAN HLDGS
02269,WUXI BIO
02277,HUARONG INV
02278,HAILAN HLDGS
02280,HC INTL
02281,XINGLU WATER
02282,MGM CHINA
02283,TK GROUP HLDG
02286,CHEN XING
02288,RYKADAN CAPITAL
02289,CHARMACY PHAR
02293,BAMBOOSHEALTH
02298,COSMO LADY
02299,BILLION IND
02300,AMVIG HOLDINGS
02302,CNNC INT'L
02303,HENGXING GOLD
02307,KAM HING INT'L
02308,EVOC
02309,BIRMINGHAM SPTS
02310,FOREBASE INTL
02312,CH FIN LEASING
02313,SHENZHOU INTL
02314,LEE & MAN PAPER
02317,VEDAN INT'L
02318,PING AN
02319,MENGNIU DAIRY
02320,HOP FUNG GROUP
02322,NOBLE CENTURY
02323,CHINA HKBRIDGE
02324,CAPITAL VC
02326,NPE HOLDINGS
02327,MEILLEUREHEALTH
02328,PICC P&C
02329,GUORUI PPT
02330,CHINA UPTOWN
02331,LI NING
02333,GREATWALL MOTOR
02336,HAILIANG INTL
02337,UNITED STRENGTH
02338,WEICHAI POWER
02339,BWI INT'L
02340,SYNERGIS HOLD
02341,ECOGREEN
02342,COMBA
02343,PACIFIC BASIN
02345,SHANGHAI PRIME
02348,DAWNRAYS PHARMA
02349,CH CITY INFRA
02355,BAOYE GROUP
02356,DAHSING BANKING
02357,AVICHINA
02358,JIU RONG HOLD
02362,JINCHUAN INTL
02366,SMI CULTURE
02368,EAGLE NICE
02369,COOLPAD GROUP
02371,CL EDU FIN
02378,PRU
02379,ZHONGTIAN INT'L
02380,CHINA POWER
02382,SUNNY OPTICAL
02383,TOM GROUP
02386,SINOPEC SEG
02388,BOC HONG KONG
02389,BJ ENT M&H
02393,YESTAR HEALTH
02398,GOOD FRIEND
02399,FORDOO
02468,TRONY SOLAR
02488,LAUNCH TECH
02588,BOC AVIATION
02600,CHALCO
02601,CPIC
02607,SH PHARMA
02608,SUNSHINE 100
02611,GTJA
02623,ADD NEW ENERGY
02628,CHINA LIFE
02633,JACOBSON PHARMA
02638,HKELECTRIC-SS
02662,CAMSING INTL
02663,KPA-BM HLDGS
02666,UNI MEDICAL
02668,PAK TAK INT'L
02669,CHINA OVS PPT
02678,TEXHONG TEXTILE
02686,AAG ENERGY
02688,ENN ENERGY
02689,ND PAPER
02698,WEIQIAO TEXTILE
02699,XINMING CHINA
02700,GREEN INTL HLDG
02722,CHONGQING M&E
02727,SH ELECTRIC
02728,YUHUA ENERGY
02738,HUAJIN INTL
02768,JIAYUAN INTL
02777,R&F PROPERTIES
02788,YORKEY OPTICAL
02789,YUANDA CHINA
02799,CHINA HUARONG
02858,YIXIN
02863,GOLDEN FAITH GP
02866,COSCO SHIP DEV
02868,BJ CAPITAL LAND
02869,GREENTOWN SER
02877,SHINEWAY PHARM
02878,SOLOMON SYSTECH
02880,DALIAN PORT
02882,HKRH
02883,CHINA OILFIELD
02886,BINHAI INV
02888,STANCHART
02889,NRI HOLDINGS
02898,LONGRUN TEA
02899,ZIJIN MINING
02906,WAH YAN-OLD
02912,RM GROUP-OLD
02914,CHINA GAS-2000
02915,NEW SPORTS
03300,CHINA GLASS
03301,RONSHINECHINA
03303,JUTAL OIL SER
03306,JNBY
03308,GOLDEN EAGLE
03311,CHINA STATE CON
03313,ARTGO HOLDINGS
03315,GOLDPAC GROUP
03318,CHINA FLAVORS
03320,CHINARES PHARMA
03322,WIN HANVERKY
03323,CNBM
03326,PERFECT GROUP
03328,BANKCOMM
03329,BOCOM INTL
03330,LINGBAO GOLD
03331,VINDA INT'L
03332,SINOLIFE UTD
03333,EVERGRANDE
03335,DBA TELECOM
03336,JU TENG INTL
03337,ANTON OILFIELD
03339,LONKING
03344,ADDCHANCE
03355,ASMC
03358,BESTWAY GLOBAL
03360,FE HORIZON
03363,ZHENGYE INT'L
03366,OCT (ASIA)
03368,PARKSON GROUP
03369,QHD PORT
03377,SINO-OCEAN GP
03378,XIAMEN PORT
03380,LOGAN PPT
03382,TIANJINPORT DEV
03383,AGILE GROUP
03389,HENGDELI
03393,WASION GROUP
03395,PERSTA
03396,LEGENDHOLDING
03398,CHINA TING
03399,YUEYUN TRANS
03600,MODERN DENTAL
03606,FUYAO GLASS
03608,YONGSHENG MAT
03618,CQRC BANK
03623,C SUCCESS FIN
03626,HSSP INTL
03628,RENHENG ENT
03633,ZHONGYU GAS
03636,POLY CULTURE
03638,HUABANG FIN
03639,YIDA CHINA
03663,XIEZHONG INTL
03666,TANSH
03669,YONGDA AUTO
03678,HOLLY FUTURES
03683,GREAT HARVEST
03686,CLIFFORDML
03688,TOP SPRING
03689,KANGHUA HEALTH
03698,HUISHANG BANK
03708,YAT SING HLDG
03709,KORADIOR
03728,CHING LEE
03737,ZHONGZHIPHARM
03768,DCWT
03773,NNK
03777,C FIBER OPTIC
03778,CHINA WEAVING
03788,CHINA HANKING
03789,ROYAL DELUXE
03799,DALI FOODS
03800,GCL-POLY ENERGY
03808,SINOTRUK
03813,POU SHENG INT'L
03816,KFM KINGDOM
03818,CHINA DONGXIANG
03822,SAM WOO CONS
03823,TECH PRO
03828,MING FAI INT'L
03830,KIDDIELAND
03833,XINXIN MINING
03836,HARMONY AUTO
03838,CHINA STARCH
03839,CT ENTERPRISE
03848,WEALTHY WAY
03866,BQD
03869,HOSPITAL CORP
03878,VICON HOLDINGS
03882,SKYLIGHT HLDG
03883,CHINA AOYUAN
03886,TOWN HEALTH
03888,KINGSOFT
03889,GLOBAL SWEET
03893,CROSSTEC
03898,CRRC TIMES ELEC
03899,CIMC ENRIC
03900,GREENTOWN CHINA
03903,HANHUA FIN
03908,CICC
03918,NAGACORP
03919,GOLDENPOWER
03933,UNITED LAB
03939,WANGUO MINING
03948,YITAI COAL
03958,DFZQ
03963,RONGZHONG FIN
03966,CH BAOFENG INTL
03968,CM BANK
03969,CHINA CRSC
03983,CHINA BLUECHEM
03988,BANK OF CHINA
03989,CAPITAL ENV
03993,CMOC
03996,CH ENERGY ENG
03998,BOSIDENG
03999,DACHAN FOOD
04332,AMGEN-T
04333,CISCO-T
04335,INTEL-T
04336,APPL MATERIAL-T
04337,STARBUCKS-T
04338,MICROSOFT-T
04601,BOC 2014 PREF
04603,ICBC USDPREF1
04604,ICBC EURPREF1
04605,BOCOM 15USDPREF
04606,CCB 15USDPREF
04607,CINDA 16USDPREF
04608,HSBNK 16USDPREF
04609,CMBC 16USDPREF
04610,CZB 17USDPREF
04611,BQD 17USDPREF
04612,PSBC 17USDPREF
04613,ZZBNK 17USDPREF
04614,CMB 17USDPREF
04615,BOJZ 17USDPREF
04616,BCQ 17USDPREF
06030,CITIC SEC
06033,TELECOM DIGIT
06038,G & M HLDGS
06060,ZA ONLINE
06066,CSC
06068,WISDOM EDU INTL
06080,WING CHI HLDGS
06083,WORLD-LINK LOG
06088,FIT HON TENG
06090,CENTURION CORP
06099,CMSC
06108,NEW RAY MEDIC
06113,UTS MARKETING
06116,LA CHAPELLE
06118,AUSTAR
06122,JIUTAI RCB
06123,ON TIME LOG
06128,EARTHASIA
06133,VITAL MOBILE
06136,KANGDA ENV
06138,HARBIN BANK
06139,JINMAO HOTEL-SS
06161,TARGET INS
06163,GEMILANG INTL
06166,CHINA VAST
06168,CHINA U-TON
06169,YUHUA EDU
06178,EB SECURITIES
06183,CH GREENFRESH
06188,BJ DIGITAL
06189,ADWAY
06196,BANKOFZHENGZHOU
06198,QINGDAO PORT
06288,FAST RETAIL-DRS
06388,TPR-DRS-RS
06808,SUNART RETAIL
06816,PROSPER CONS
06818,CEB BANK
06822,KING'S FLAIR
06823,HKT-SS
06826,HAOHAI BIOTEC
06828,BG BLUE SKY
06830,HUAZHONG IN-V
06833,SINCO PHARMA
06836,TIANYUN INT'L
06837,HAITONG SEC
06838,WINOX
06839,YUNNAN WATER
06858,HONMAGOLF
06863,HUISHAN DAIRY
06865,FLAT GLASS
06866,ZUOLI M-FIN
06868,TENFU
06869,YOFC
06877,KVB KUNLUN FG
06878,DIFFER GROUP
06880,TEMPUS HOLD
06881,CGS
06882,EGL HOLDINGS
06885,JINMA ENERGY
06886,HTSC
06888,FREETECH
06889,DYNAM JAPAN
06893,HINSANG GROUP
06896,GOLDEN THROAT
06898,CHINA ALUMCAN
06899,OURGAME
08001,ORIENTSEC INT
08003,GREAT WORLD
08005,YUXING INFOTECH
08006,SINO SPLENDID
08007,GLOBALSTRAT
08008,SUNEVISION
08009,CHI ENGY HOLD
08011,POLYARD PETRO
08013,ECI TECH
08016,CHANGHONG JH
08018,FINSOFT FIN
08019,HAO WEN HLDGS
08020,UNITAS HOLD
08021,WLS HOLDINGS
08022,EVERSHINE GP
08023,KWONG MAN KEE
08025,ACR HOLDINGS
08026,PROSTEN HEALTH
08027,KPM HOLDING
08028,TIMELESS
08029,SUN INT'L
08030,FLYING FIN
08031,ETS GROUP
08032,VIVA CHINA
08033,VODATEL NETWORK
08035,JANCO HOLDINGS
08037,CH BIOTECH SER
08039,KNK HOLDINGS
08041,LUXEY INT'L
08045,NANDASOFT
08046,HENG XIN CHINA
08047,CHINAOCEAN FISH
08048,YU TAK INT'L
08049,JILIN CHANGLONG
08050,QUANTUM THINK
08051,CIRCUTECH
08052,LUK HING ENT
08053,PIZU GROUP
08055,CHI E-INFO TECH
08056,DINING CONCEPTS
08057,MADISON HLDG
08059,GLORY FLAME
08060,GLOBAL LINK
08062,EFT SOLUTIONS
08063,GLOBAL M HLDG
08065,KML TECH
08066,PHOENITRON HOLD
08067,OUC HOLDINGS
08069,WWPKG HOLDINGS
08070,KEEN OCEAN
08071,CH NETCOMTECH
08072,ROMA GROUP
08073,SINGYES NM
08075,MEDIA ASIA
08076,SING LEE
08078,HMV DIGIT CHINA
08079,EASY REPAY FIN
08080,NAS HOLDINGS
08081,IE CHINA
08082,SAGE INT'L GP
08083,INNOVATIONPAY
08085,HK LIFE SCI
08086,DX.COM HOLDINGS
08087,CHINA 33MEDIA
08088,AID PARTNERS
08089,CHINESE STRAT
08090,CHI ASSURANCE
08091,OOH HOLDINGS
08092,ITE HOLDINGS
08093,MILLION STARS
08095,BEIDA JADE BIRD
08098,CL GROUP
08100,GET HOLDINGS
08101,JIA MENG HLDG
08102,LI BAO GE GP
08103,TRILLION GRAND
08106,SHENGHUA LANDE
08108,GRAND PEACE
08109,KIRIN GROUP
08111,CT SOLARPOWER
08112,FOCUS MEDIA
08113,HI-LEVEL TECH
08115,SHANGHAI QINGPU
08116,C FORTUNE INV
08117,CHI P ENERGY
08118,BORTEX GLOBAL
08119,THIZ TECHNOLOGY
08120,CH DEMETER FIN
08121,GURU ONLINE
08123,SINOFORTUNE FIN
08125,ROYAL CEN RES
08126,G. A. HOLDINGS
08128,C G SOURCE ENGY
08129,CLOUD INV HOLD
08130,ZHI CHENG H
08131,ABC MULTIACTIVE
08132,CHINAOILGANGRAN
08133,JETE POWER
08135,ZMFY GLASS
08137,HONBRIDGE
08138,TONGRENTANGCM
08139,CHANGAN RH
08142,TAK LEE MACH
08143,HUA XIA HEALTH
08145,TSO
08147,MILLENNIUM PG
08148,AURUM PACIFIC
08149,ALTUS HLDGS
08150,SEAMLESS GREEN
08152,M&L HOLDINGS
08153,CODE AGRI
08155,SC ASSETS HLDGS
08156,CHINA VANGUARD
08157,XIANGXING INT
08158,CRMI
08159,GLORY MARK
08160,GOLDWAY EDU
08161,MEDINET GROUP
08162,LOCO HK
08163,MERDEKA FIN
08165,JIAN EPAYMENT
08166,CHINA ECO-FARM
08167,NEO TELEMEDIA
08169,ECO-TEK HLDGS
08170,KSL HOLDINGS
08171,CHINA TRENDS
08172,LAJIN ENT
08173,UNION ASIA ENT
08175,C DIGITAL CUL
08176,SUPERROBOTICS
08178,CHINA INFO TECH
08179,FOOD IDEA
08181,KONGSHUMUNION
08182,CHINA CANDY
08183,SPEED APPAREL
08186,IR RESOURCES
08187,EVERSMART INT
08188,GME GROUP
08189,TEDA BIOMEDICAL
08190,COMBEST HOLD
08191,HONG WEI ASIA
08192,GLOBAL ENERGY
08193,GC PRO SER
08195,L&A INTL HOLD
08196,GREAT WATER
08197,BAYTACARE PHARM
08198,LOTO INTERACT
08199,C WAN TONG YUAN
08200,SAU SAN TONG
08201,PPS INT'L
08202,INNO-TECH HOLD
08203,KAISUN ENERGY
08205,JIAODA WITHUB
08206,S ROBOT EDU
08207,CHONGSING HLDGS
08211,ZHEJIANG YONGAN
08212,CELEBRATE INT
08213,NEW WISDOM H
08215,FIRST CREDIT
08217,LUEN WONG GP
08218,ECHO INT HOLD
08220,BINGO GROUP
08221,PF GROUP
08222,E LIGHTING
08225,C HEALTH GP
08226,KOALA FIN GP
08227,HAITIANTIAN-1K
08228,NATIONAL ARTS
08229,FUTURE DATA
08230,CHINA YU TIAN
08231,PFC DEVICE
08232,CLASSIFIED GP
08233,CIG PORTS
08235,CCID CONSULTING
08236,POWERLEADER
08237,LINK HOLDINGS
08238,WINTO GROUP
08239,CAPITAL FIN
08240,GOAL FORWARD
08242,MEGALOGICTECH
08243,DAHE MEDIA
08245,ON REAL INT'L
08246,NORTH NEWENERGY
08247,BIOSINO BIO-TEC
08249,RUIYUAN IC TECH
08250,SILK RD ENERGY
08251,A.PLUS GROUP
08252,TAIHE M-FIN
08255,CHINA BINARY
08256,NETEL
08257,GENES TECH
08258,NW INDUSTRY
08260,YIN HE HLDGS
08261,HAITIAN ENERGY
08262,SUPER STRONG
08265,CHINA TRUSTFUL
08266,GOLD TAT GP
08267,LINEKONG
08268,DESON CONS
08269,WEALTH GLORY
08270,CHINA CBM
08271,GDC
08272,C FOOD&BEV GP
08273,ZJ PROSPECT
08275,BEAVER GROUP
08277,STEEDORIENTAL
08278,CMON
08279,AGTECH HOLDINGS
08280,CDV HOLDINGS
08281,CH GOLD CLASSIC
08282,GAMEONE
08283,ZHENG LI HLDG
08286,CCOE
08290,AHSAY BACKUP
08291,WAN CHENG METAL
08292,WORLDGATEGLOBAL
08293,SINGASIA HLDG
08295,ZZ CAP INTL
08296,SINO-LIFE GROUP
08297,BODIBRA
08299,GRAND T G GOLD
08300,ROYALCATERING
08301,MINGWAH HI TECH
08306,CH NONFERROUS
08307,MEDICSKIN
08308,GUDOU HLDGS
08309,MANSHING GLOBAL
08310,DAFENG PORT
08311,PERFECT OPT
08312,CHINA HANYA
08315,KING FORCE GP
08316,PAK WING GP
08317,FINET GROUP
08319,EXPERT SYS
08320,AEC GROUP
08321,TAI KAM HLDGS
08325,CHINA SMARTPAY
08326,TK NEW ENERGY
08328,XINYI HK
08329,NEP INTERLONG
08331,FS NONMETAL
08333,ASTRUM FIN
08337,DIRECTEL
08340,VINCO FINANCIAL
08341,AESO HOLDING
08342,VIXTEL TECH
08343,HONGGUANG LIGHT
08345,FIRE ROCK
08346,TEM HOLDINGS
08347,F8 ENT
08348,BINHAI TEDA
08349,MEIGU TECH
08351,LARRY JEWELRY
08352,SING ON HLDGS
08353,ANACLE
08355,I-CONTROL
08356,CNC HOLDINGS
08358,MIRICOR
08359,HYPEBEAST
08360,AL GROUP
08361,PARENTING NET
08362,WINNING TOWER
08363,SDM GROUP
08365,VBG INT'L
08366,ZJ UNITED INV
08368,CREATIVE CHINA
08369,LAP KEI ENGRG
08370,ZHI SHENG GP
08373,INDIGO STAR
08375,VERTICAL INT'L
08376,FINELANDSERVICE
08377,SHEN YOU HLDGS
08383,LINOCRAFT HLDGS
08385,PROSPEROUSPRINT
08392,SATU HOLDINGS
08400,ASIA PIONEER
08402,GT STEEL GROUP
08405,HANG CHI HLDG
08406,ALPHA ERA
08407,CISI FIN
08409,WINDMILL GP
08410,EDVANCE INTL
08411,K W NELSON GP
08412,BCI GROUP
08413,ASIA GROCERY
08415,LKS HOLDING
08416,HM INTL HLDGS
08417,DADI EDU
08419,AV PROMOTIONS
08420,NEXION TECH
08421,WINSON HLDGS HK
08423,CHI HO DEV
08425,HING MING HLDGS
08426,MODERN LIVING
08427,SK TARGET
08428,CBK HOLDINGS
08429,ICICLE GROUP
08430,C&N HOLDINGS
08431,HAO BAI INTL
08432,BAR PACIFIC
08436,TAKBO GROUP
08437,RMH HOLDINGS
08439,SOMERLEY CAP
08442,SG GROUP HLDGS
08445,NOBLE ENG GP
08446,ITP HOLDINGS
08452,FY FINANCIAL
08455,LAI GROUP
08457,GOAL RISE
08460,BASETROPHY GP
08462,OMNIBRIDGE HLDG
08463,TOMO HOLDINGS
08465,TRANSTECH
08469,SHENGYE CAPITAL
08470,LUMINA GROUP
08471,REACH NEW HLDGS
08472,LAPCO HOLDINGS
08476,OCEAN ONE HLDG
08480,FURNIWEB
08481,SHENGLONG INTL
08491,COOL LINK
08495,1957 & CO.
08593,HAITIANTIAN-4K
80737,HOPEWELL INFR-R
84602,ICBC CNHPREF1-R